{"cameraMode":{"drawMode":0,"name":"Shaded","section":"Shading Mode"},"sceneLighting":true,"audioPlay":false,"sceneViewState":{"showFog":true,"showMaterialUpdate":false,"showSkybox":true,"showFlares":true,"showImageEffects":true,"showParticleSystems":true},"in2DMode":false,"pivot":{"x":-9.060474395751954,"y":11.662261009216309,"z":40.461238861083987},"rotation":{"x":-0.20522570610046388,"y":-0.7660664319992065,"z":0.29501545429229739,"w":-0.5329099893569946},"size":7.712313175201416,"orthographic":false}